NaN,0,1,2,3,4,5,6,7,8,9,10,11,12,13,14,15
0,0.61006,5.6329,-2.4213,-1.5381,-5.7229,7.7683,-3.8806,3.3394,2.381,3.5105,-2.6936,5.8204,-8.7395,-4.3643,-18.652,-1.7599
1,-5.2855,13.437,6.13,6.8445,4.972,14.56,-1.3706,3.9967,4.2108,4.4885,8.1587,2.9302,5.1915,7.7711,-21.252,5.6604
2,-6.0384,5.6012,8.448,4.7761,7.7937,8.3277,7.3712,5.9188,3.0392,-3.4878,6.4775,-6.6274,11.388,14.005,-15.912,9.4217
3,-4.7132,13.367,15.476,12.531,12.418,16.136,11.452,5.2639,8.0953,0.11623,-3.4645,-1.4419,7.7799,11.944,-6.7279,6.0505
4,2.1819,0.049836,9.0126,-2.771,-1.8326,3.2779,8.2479,4.7627,10.152,0.27908,-9.8173,-1.312,3.539,7.6449,-3.3966,7.5542
5,5.4135,-3.6971,3.7791,-1.8834,0.043578,-1.3269,1.568,-0.29712,5.1171,6.5531,-18.233,4.3615,-8.2131,-4.2933,-1.1001,-10.938
6,11.416,-12.91,-5.0456,-9.3804,-7.0732,-14.032,-5.3382,-5.6186,2.5148,16.004,-29.491,14.048,-18.483,-13.778,3.2453,-16.332
7,5.4629,-6.7733,-3.2583,-7.5008,-5.2246,-8.0045,-0.79649,-2.391,-5.938,6.718,-4.844,6.1934,0.89681,0.4479,-8.1996,-3.0276
8,4.1773,3.8223,3.0488,5.3208,6.0533,3.0366,-4.2751,-7.3859,-2.0896,11.687,-5.9199,13.233,-8.0549,-11.339,0.4275,-10.988
9,-2.0236,9.6456,8.3934,10.947,10.137,9.3286,-3.3963,-5.7873,-3.6067,0.39451,2.1108,1.0807,-3.0497,-5.8871,12.648,-0.28421
10,1.0982,11.558,11.77,8.5855,3.0663,9.011,9.2261,2.2704,-4.0029,-2.6528,30.647,-4.2183,9.1608,7.1276,7.995,12.389
11,-1.5194,6.6869,8.0994,5.452,6.198,2.7819,6.5665,2.8828,-2.7312,0.71047,25.834,2.3368,8.0701,6.989,7.8192,11.502
12,3.5718,-19.997,-10.718,-14.36,-15.75,-21.982,-4.9038,-5.9047,-4.452,-0.68343,-12.21,2.1363,-15.768,-15.802,-0.65774,-12.177
13,-0.96359,-0.82791,-3.4432,4.0188,0.17804,-8.8389,-4.1502,-6.7595,-6.9272,5.7693,-17.39,9.7823,-8.6768,-8.5056,-7.2283,-12.127
14,-12.031,15.5,6.8179,17.138,18.701,7.1716,4.4087,0.52069,-9.8289,-8.6707,2.859,-6.8484,13.463,14.145,-6.0074,13.85
15,-6.8126,3.6708,1.1316,10.37,10.721,2.2746,-2.3003,-4.4771,5.4497,-7.5707,-9.3039,-4.3047,3.4351,4.3155,1.6712,3.157
16,-6.4806,6.3415,3.2384,9.944,9.7736,0.88687,1.5419,-1.5115,7.5551,-11.127,-3.3661,-9.0173,8.9579,10.184,10.54,13.444
17,-1.5516,-9.9615,-3.9987,-5.4873,-7.1989,-10.817,-1.6611,-5.0929,11.186,-8.5029,-12.515,-9.0332,-3.1146,-2.5078,9.0852,2.4989
18,-0.28086,-11.665,-8.05,-8.8546,-13.53,-8.5257,-3.7381,-3.8152,8.0715,-3.2071,-8.8026,-5.1568,-3.1522,-5.0627,1.9356,-4.9239
19,1.2279,-8.8339,-11.071,-11.545,-16.768,-9.059,-6.968,-8.367,3.2743,-3.4863,-8.4243,-6.3927,-10.073,-11.683,-8.0668,-13.782
20,1.7021,0.88613,-0.90814,-5.8415,-6.916,4.3597,3.5542,5.0874,6.9618,-3.6926,19.104,-6.1225,9.0829,4.0626,-7.3939,-0.84204
21,1.0141,0.038086,-0.46915,-1.4684,-0.69076,1.1201,1.5184,5.8153,1.6695,0.71052,12.359,-4.122,9.779,5.0795,-9.1586,-2.6675
22,3.3205,-2.8884,-3.7016,-4.9396,-4.6669,-8.7998,-0.87623,6.9952,-2.3413,4.1073,-10.612,-1.1298,-4.9234,-6.6931,2.9726,-11.523
23,6.5211,-2.3101,-3.7489,-5.9589,-5.1681,-9.8168,-1.5832,5.7221,3.587,10.372,-12.417,6.3645,-2.0305,-2.5158,15.767,-6.4529
24,6.1773,-15.168,-15.465,-20.042,-19.794,-20.216,-11.815,-2.4186,-1.6834,7.8074,-18.133,4.4313,-9.228,-7.4707,20.823,-12.696
25,4.8055,-15.187,-10.269,-15.377,-13.337,-16.304,-5.9309,-3.2271,2.0868,-1.6015,4.2176,0.66616,-17.194,-19.08,2.8586,-8.0196
26,4.6229,-1.6322,-2.1744,1.2778,1.462,-4.075,-7.1677,-5.3105,-1.2018,5.555,-2.3269,8.8021,-16.568,-14.874,-19.335,-12.331
27,-5.1213,13.984,12.182,20.425,19.11,14.511,3.7771,3.1836,-8.4494,-3.2987,16.155,-3.4972,5.0694,10.52,-26.372,9.3078
28,-7.0552,10.921,13.266,17.627,19.22,16.053,9.4092,6.714,-1.4194,-1.8402,18.281,-0.75596,8.6318,14.502,-10.334,11.03
29,-0.18189,-9.4661,2.0548,-1.359,-2.0185,-1.891,4.4751,6.6069,2.2707,-5.1071,8.7163,-5.9271,4.6246,10.339,-10.722,3.0034
30,0.62232,-3.3793,-0.68338,-2.928,-3.7279,-1.0997,4.5968,3.5222,-4.3729,-7.3185,2.1312,-2.1951,10.627,9.0966,9.01,9.2209
31,-0.45355,7.5838,4.6016,8.2075,6.9938,6.7967,3.9739,6.4455,2.5098,-2.4281,-4.8014,3.1888,0.51331,-0.27074,12.997,0.47383
32,-2.3467,-1.4178,0.64142,1.286,2.7201,-0.84873,3.4507,5.7044,2.5974,-7.7654,4.1331,-7.054,7.7708,8.9195,10.369,11.32
33,0.84063,-5.4622,-0.74106,-6.206,-6.1134,-1.8364,1.7921,1.3743,3.7956,-4.2889,-2.3486,-3.2523,1.2993,0.048982,9.2767,-1.6247
34,-3.3526,14.476,8.4936,7.51,4.5453,14.815,4.5196,2.5764,-1.8287,-5.188,8.4227,-3.3592,8.1212,3.6086,4.0557,-5.3719
35,-3.2857,-3.7428,-0.49374,2.6735,3.244,1.9722,1.2531,3.5402,2.3792,3.9172,8.7774,2.6116,6.3127,3.1344,-8.9948,-0.24472
36,-6.9158,2.2137,-0.44368,1.7424,4.8622,5.3868,3.276,3.3674,-2.0554,-0.15125,4.9615,-3.3357,5.1857,3.7164,-4.4575,3.2569
37,-3.9358,1.464,-0.92867,-0.78245,1.847,1.6142,5.8805,-0.32971,-0.73874,0.1267,-0.47072,-2.5466,1.4087,2.7747,-4.636,3.8348
38,-7.1933,11.39,8.18,19.39,17.78,14.012,9.6973,3.5691,-2.9837,-1.5825,-1.6966,-5.7612,5.6611,8.2836,-13.825,4.3549
39,-11.614,11.43,15.712,17.201,16.566,15.35,17.312,11.527,0.34221,-6.0071,18.894,-9.9221,28.058,28.992,-6.4125,22.126
40,14.595,-33.64,-27.612,-31.383,-28.829,-36.389,-22.727,-20.129,-2.8284,15.242,-41.703,21.441,-36.619,-33.997,-6.6859,-27.17
41,6.1925,-3.8663,-14.455,-2.8344,-1.1926,-8.3139,-16.524,-13.197,-16.167,8.3145,-17.869,11.883,-15.136,-16.368,-5.9907,-15.709
42,3.59,12.149,-1.3945,5.6127,5.7917,6.7181,-8.727,-4.8591,-9.607,8.247,5.6584,11.969,-3.4188,-7.0171,2.1638,-8.1367
43,3.0003,15.353,6.9489,9.0349,7.8831,12.347,-1.2602,5.1788,-0.90159,1.7525,20.236,4.7213,2.693,1.2296,-7.1696,4.1393
44,4.657,4.571,5.5849,5.1623,5.5778,3.8377,3.3865,7.9709,7.7142,7.0566,16.215,8.965,4.4578,4.3921,6.9803,10.04
45,3.0003,15.353,6.9489,9.0349,7.8831,12.347,-1.2602,5.1788,-0.90159,1.7525,20.236,4.7213,2.693,1.2296,-7.1696,4.1393
46,4.657,4.571,5.5849,5.1623,5.5778,3.8377,3.3865,7.9709,7.7142,7.0566,16.215,8.965,4.4578,4.3921,6.9803,10.04
47,1.2106,7.7896,3.4397,6.1635,4.3248,6.2116,2.3551,3.5585,4.6744,2.2113,7.8203,-0.91843,-0.31433,-0.62841,11.649,-3.6009
48,1.7133,19.75,9.7468,17.1,13.89,17.458,8.7548,11.036,3.1393,6.6247,8.2988,3.4149,9.6512,6.4085,14.169,2.4809
49,0.31784,14.837,11.791,14.803,12.95,15.651,13.383,18.014,-0.075683,-0.30188,12.166,-4.3237,23.336,20.653,16.021,17.588
50,0.23831,-5.6835,0.2997,-3.2121,-4.3307,-2.1984,1.6697,-4.9868,6.121,3.3245,-11.992,3.7701,-3.837,2.4272,-0.61424,-2.935
51,1.4316,-20.071,-7.6151,-17.453,-16.559,-17.254,-3.5539,-6.6328,7.1207,-1.4851,-4.4675,-2.0462,0.65885,-0.23276,4.1331,5.7423
52,7.7925,-23.941,-16.574,-22.703,-22.006,-21.232,-14.977,-13.194,15.151,6.551,-23.875,6.8487,-18.777,-22.822,6.8809,-21.236
53,7.0876,-9.6837,-10.912,-10.157,-11.853,-8.6838,-11.976,-17.822,10.755,7.3936,-18.968,7.2636,-19.196,-20.339,-4.3206,-18.336
54,8.9612,-14.299,-9.8899,-12.397,-11.508,-13.733,-6.1673,-12.886,1.6306,2.9054,-8.4673,3.8337,-14.799,-15.655,-6.4575,-8.1718
55,-4.9822,13.575,14.639,17.177,14.926,19.62,8.4192,5.6419,-1.3622,-8.5107,29.01,-5.1243,20.232,19.205,4.2373,15.414
56,-2.4421,6.1928,7.9085,7.8892,9.0869,8.696,11.505,15.502,5.626,-6.2898,16.875,-2.7909,12.746,12.796,10.109,8.6604
57,-7.8013,21.587,8.0117,23.02,23.808,15.418,7.8759,18.42,5.9494,0.91579,1.732,2.1114,7.3494,7.7483,10.604,2.55
58,-12.097,17.906,12.736,21.132,25.614,15.066,14.592,27.003,-0.12055,-12.597,21.795,-16.665,34.073,37.111,4.1715,29.985
59,-7.687,-0.45018,3.754,1.1308,4.755,-0.5535,11.947,21.071,6.2272,-7.7713,6.707,-9.5686,18.321,21.809,10.309,19.376
60,-0.14212,2.0257,-7.9786,-4.2205,-3.6153,-6.964,-7.3443,-5.1881,-1.2004,2.3985,-17.982,4.0515,-12.235,-12.216,-13.759,-12.2
61,-4.4076,6.1173,1.5042,0.16892,-0.57187,1.6624,-0.48184,-1.4669,-7.6016,-9.8889,10.284,-10.582,6.0011,3.0491,-17.01,11.544
62,5.0494,-1.0768,-8.5202,-9.2737,-10.992,-11.047,-8.3027,-11.954,4.5797,2.1701,-13.35,3.1831,-18.941,-22.781,-0.92767,-9.0346
63,0.69147,7.7867,-1.858,4.7005,6.2552,1.3469,-3.2005,-9.828,0.64181,-0.67597,-6.5265,-2.1575,-11.447,-12.669,-13.825,-4.4007
64,-1.2683,9.0329,9.3428,6.6515,8.8418,8.9397,5.5213,-1.1905,5.2093,2.5379,10.709,1.7315,5.9839,5.3828,-12.91,11.137
65,5.9595,-15.235,-6.9419,-14.082,-16.801,-12.138,-8.7657,-14.12,-0.74283,9.5662,-5.9653,10.76,-17.772,-17.39,0.71335,-17.809
66,1.6265,0.42228,-0.78998,-0.40901,-4.4722,-1.7362,-8.9374,-13.051,-9.1256,-0.85302,-1.3189,-0.1143,-11.052,-8.9886,-8.3492,-10.412
67,4.7674,-1.3726,2.713,-1.5921,-0.24266,-2.0458,-1.0244,-4.1012,-5.9388,-2.7752,3.4046,1.3903,-0.53269,3.2996,2.4927,0.80664
68,-1.3777,0.073371,1.6044,0.97773,-1.3284,1.4687,-0.15886,-6.056,-8.6662,-7.0331,0.27506,-3.8938,2.8289,7.2991,3.4206,6.1586
69,-0.2107,-9.5796,-6.0666,-10.061,-12.757,-9.0438,-4.4656,-5.9282,-8.6514,-4.6339,-9.682,-2.4415,-4.581,-1.7894,3.7428,-2.3412
70,-5.1326,8.9884,-0.61269,11.498,10.209,12.235,-4.628,-4.2464,-16.605,-3.2132,-6.9156,-0.19546,-2.449,-2.5229,-0.43344,-1.947
71,-6.0263,6.3641,6.7031,13.605,16.475,15.561,4.2684,8.1642,-9.8543,-4.7691,12.296,-5.8431,17.594,13.499,0.8032,14.081
72,-0.16496,-13.19,-0.42347,-3.4436,4.7014,-4.3405,4.8607,9.5995,-1.4226,0.43007,12.856,-2.5998,17.095,12.782,5.5423,15.086
73,-0.0097654,-12.21,-3.1092,-4.2025,2.3736,-5.2604,1.9468,4.5281,-0.60586,3.9755,-1.041,-0.3257,3.4429,0.59653,2.3204,3.4674
74,5.6383,-13.466,-7.5249,-8.184,-6.4305,-7.4275,-1.7112,0.24421,-3.0493,5.7958,-10.103,0.099149,-9.6289,-11.018,5.0039,-9.972
75,-1.2443,6.6271,1.7387,7.3149,3.4753,7.6951,6.4743,3.4613,-7.6508,2.1661,11.956,-3.3513,3.4375,5.2871,-9.8068,0.57265
76,0.28453,17.443,6.9336,13.239,11.047,18.63,8.6876,4.3324,0.34649,1.4548,18.146,-2.7561,6.9326,10.761,-5.5055,9.2115
77,1.0383,7.7702,4.3078,5.5033,6.5949,14.504,11.768,10.32,6.9463,-0.017133,20.547,-6.5075,14.896,17.676,3.7373,14.51
78,4.3983,2.4783,-5.2596,0.84073,0.87381,2.604,6.2268,5.3825,13.355,12.359,2.692,6.2666,3.7067,3.4512,11.357,-3.5283
79,-3.6266,14.691,-2.8602,13.75,10.928,12.422,4.6121,4.771,7.2305,4.8283,3.8432,2.801,5.9796,5.2748,8.7501,1.6693
80,2.1774,-12.213,-3.8666,-16.097,-14.472,-11.798,5.3005,7.9928,17.398,-3.738,5.339,-7.1036,5.5191,3.6152,16.754,0.10437
81,4.2147,-3.3651,-3.8649,-11.887,-11.538,-5.1354,-5.0107,-2.3654,13.867,9.6069,-11.923,8.014,-8.738,-10.232,9.7761,-15.493
82,-2.6006,3.3478,1.012,-2.1076,-3.5155,0.72156,-4.316,-0.58774,4.3636,-0.26498,-0.36578,-2.4832,1.1439,-1.4468,-8.4271,-1.9231
83,10.008,-16.82,-9.3155,-16.491,-15.352,-18.705,-10.869,-5.4843,9.6454,9.6041,-21.548,10.024,-19.176,-18.934,-9.6367,-16.336
84,-0.41922,22.695,10.607,24.631,22.575,22.096,-0.33896,0.26265,-5.1911,1.5261,-1.9282,1.6092,1.7697,4.4286,-19.29,1.4184
85,9.6414,-9.6124,4.4095,-9.221,-9.3962,-8.9187,-3.2604,-4.485,2.7506,6.2138,-14.147,11.358,-11.295,-10.78,9.8536,-12.823
86,10.617,-16.061,-0.76061,-13.499,-13.425,-15.495,-10.91,-8.695,-3.8941,6.1243,-15.195,7.3007,-10.56,-12.355,9.391,-9.2827
87,3.3876,2.7788,4.9173,5.8579,5.5303,1.1513,-6.6496,-4.5472,-6.1432,9.6554,1.8027,9.2967,5.1702,2.7269,14.711,7.8041
88,-0.35218,3.129,2.1,1.8209,1.3319,-2.1611,-2.4008,-4.7572,-1.8427,2.4804,3.2834,1.34,1.0976,0.13687,11.908,4.6957
89,1.918,1.2001,1.6838,-0.44752,-0.90845,-5.1488,-3.0502,-4.1585,0.23199,5.5314,-4.6592,5.2708,-7.7772,-9.3038,9.9545,-2.9379
90,8.0719,-23.855,-11.947,-19.311,-18.143,-26.678,-6.3877,-7.9264,6.4271,1.6346,-28.54,1.9062,-20.977,-20.811,5.1961,-13.077
91,5.9345,-15.827,-11.389,-15.994,-14.544,-17.805,-8.2758,-7.8964,-4.3593,2.3157,-33.381,1.9229,-23.174,-22.685,-10.728,-15.513
92,0.15499,1.3718,-1.4255,2.3043,4.4837,-0.16858,-2.2307,-1.0816,-13.252,-3.0406,-17.107,-3.3963,-5.4953,-4.8128,-14.551,1.5591
93,-11.713,22.863,9.1197,24.617,23.944,19.266,10.15,4.4769,-8.4032,-10.056,2.0938,-7.7631,10.161,12.518,-11.673,14.373
94,-7.8001,-5.831,-3.1948,-2.8243,-5.7578,-6.5995,8.6134,6.7054,-1.7185,-18.643,0.016614,-13.742,3.8063,5.7045,-5.5575,12.613
95,-11.713,22.863,9.1197,24.617,23.944,19.266,10.15,4.4769,-8.4032,-10.056,2.0938,-7.7631,10.161,12.518,-11.673,14.373
96,-7.8001,-5.831,-3.1948,-2.8243,-5.7578,-6.5995,8.6134,6.7054,-1.7185,-18.643,0.016614,-13.742,3.8063,5.7045,-5.5575,12.613
97,-5.9801,-13.122,-10.229,-12.666,-11.73,-14.77,-3.4012,-1.9594,-2.5039,-9.3726,-13.966,-5.7545,-10.07,-8.1877,-11.253,-1.7512
98,-10.037,4.8179,-0.48405,3.3603,2.9668,5.2663,-0.39543,0.93379,-9.627,-10.168,-10.058,-8.5345,-5.0876,-3.1952,-17.995,-2.5552
99,-3.9652,-1.2448,-4.8349,0.87346,0.48365,0.91801,-1.8619,-4.6758,2.5403,-1.4427,-11.181,-1.1497,-10.119,-9.7785,-5.0709,-5.4598
100,9.8663,-13.566,-12.886,-11.168,-9.5702,-8.9292,-11.664,-11.898,7.7153,8.8487,-22.254,7.173,-27.861,-28.482,-17.763,-32.171
101,6.5601,4.3606,0.40317,7.6322,8.022,10.221,-2.533,-6.9205,1.2152,13.688,5.4593,13.738,1.8399,3.4031,-8.8457,-3.9922
102,-2.4672,12.247,5.5553,11.094,11.192,15.651,0.71652,-1.0056,-3.943,1.9531,20.477,2.5332,17.348,17.036,-3.1103,11.243
103,-6.1473,22.252,14.581,22.504,25.272,25.588,9.2027,7.6007,2.1589,1.8808,24.925,7.0981,25.634,22.285,6.5077,15.192
104,-10.566,11.965,14.538,10.592,14.119,16.632,17.077,15.613,-2.2736,-10.105,37.004,-4.9082,34.565,31.083,2.4052,24.121
105,-7.0609,5.8567,1.5689,2.9344,4.2519,6.9217,-2.0859,0.95656,0.26826,1.4132,5.3074,1.4035,0.13568,0.11143,-2.8544,-3.8285
106,-7.3329,4.891,3.9424,-0.022944,6.4468,4.3913,1.4262,3.6233,-0.47824,0.4029,12.467,-0.5698,10.74,13.652,10.274,12.765
107,-11.397,5.8321,3.0008,4.6466,9.9361,5.9065,3.7843,2.2026,-1.1192,-3.3727,11.134,-4.6886,7.7583,13.963,7.6318,7.4885
108,-12.893,11.134,7.7345,7.5613,12.73,14.389,9.7018,7.4596,-2.2771,-3.5369,18.796,-3.8667,19.447,24.93,7.8043,16.423
109,-10.081,-3.8364,-0.20338,-14.384,-6.5066,-1.0402,4.6532,6.5246,-3.4853,-8.3951,11.756,-9.1376,14.939,19.729,2.6795,15.949
110,-4.9797,3.3842,5.7935,-0.35146,1.3133,8.14,3.0148,5.0645,5.0278,-7.0774,-3.386,-7.8053,-5.1194,-6.7783,2.6415,2.3461
111,-0.8415,-2.5057,1.7192,-5.3281,-5.1395,4.116,0.1734,-4.484,10.16,-2.7157,-14.844,-5.4211,-11.775,-16.094,7.8955,-3.0997
112,-7.8811,19.435,11.805,17.267,13.093,25.675,6.6981,0.95585,9.304,-4.6573,-1.9193,-6.4793,2.6476,-2.844,-4.2161,0.86369
113,-7.0117,17.924,18.097,22.361,21.128,21.866,18.32,10.194,14.189,-9.1694,19.653,-10.251,21.354,17.361,-3.2059,14.541
114,0.79531,-14.44,2.295,-6.824,-3.7128,-11.04,13.332,5.5513,16.079,-5.2905,12.56,-7.7556,10.809,7.5889,10.734,11.018
115,9.6537,-31.086,-24.502,-22.112,-27.305,-33.394,-20.697,-18.922,1.4325,12.638,-18.693,5.3449,-26.079,-28.685,0.5521,-29.292
116,5.8004,-21.777,-15.412,-10.597,-14.874,-21.66,-17.636,-17.817,-4.0846,10.715,-10.117,5.4328,-16.705,-20.215,-10.671,-21.992
117,-0.86101,-8.6542,-10.557,-2.6033,-1.708,-13.058,-13.543,-15.148,-7.3832,5.0896,-10.983,1.761,-15.879,-17.916,-15.525,-21.958
118,-2.467,-4.7553,-4.9929,-3.1576,2.4184,-7.8774,-10.387,-11.985,-7.6471,0.20649,-3.4047,-1.6638,-0.75921,0.74093,-18.281,0.66035
119,-8.7989,1.39,-0.32164,0.5423,-0.42726,0.28436,-7.652,-6.7266,-6.7768,-5.5325,-8.0387,-7.4545,-2.7641,-2.2475,-25.815,2.2155
120,-2.3721,16.324,10.707,16.576,13.734,13.133,4.8599,3.8634,-3.3217,4.2566,9.5928,2.7951,-1.6517,-2.0495,7.8683,-0.71621
121,-0.65338,3.4202,7.2724,4.7992,1.49,4.121,8.1223,7.4195,-1.9893,-4.3975,16.431,-10.615,11.906,13.975,10.032,12.777
122,12.909,-20.474,-3.1907,-18.369,-20.256,-21.721,2.2178,-0.88763,7.1715,5.8534,-11.967,0.49647,-6.4694,-0.5788,20.865,-0.35689
123,12.281,-1.4023,-1.0357,-2.185,-3.2621,-11.228,-2.8536,-7.7263,1.8387,8.4998,-23.55,3.6416,-17.693,-12.517,21.138,-8.3192
124,8.0047,2.7384,0.13888,1.4174,-2.5671,-4.4652,-2.6131,-5.3633,-1.9853,7.5292,-6.4198,3.8398,-4.6404,0.98166,25.766,0.62297
125,14.953,-21.163,-19.402,-25.778,-25.772,-27.245,-15.819,-14.111,-2.7595,13.952,-36.663,12.13,-31.845,-31.581,9.2734,-22.758
126,10.725,2.5607,-11.721,-2.4049,-3.436,-5.183,-12.028,-15.697,-11.378,9.2813,-18.941,9.2644,-20.099,-20.774,-9.9442,-16.546
127,6.8255,15.385,1.038,9.6138,7.0821,9.2401,-0.68872,-2.5351,-11.495,1.8334,7.76,3.9227,7.9502,6.0393,-3.8469,10.02
128,6.5244,11.72,2.3867,2.2105,0.15922,6.8797,-0.41713,6.5565,-4.4191,-5.6506,14.109,-5.2941,13.75,11.743,-12.894,15.904
129,2.8151,24.517,11.486,19.855,17.915,20.99,7.201,9.1541,1.5601,-2.8336,11.178,-0.67071,14.469,11.786,-14.34,9.2613
130,8.3432,13.621,2.8132,13.484,11.824,15.638,-2.6602,2.5491,-7.9083,6.3597,-10.957,15.662,0.34631,-3.863,-10.293,-8.1225
131,-9.6496,34.038,24.523,35.171,35.036,36.379,15.402,20.259,-13.529,-14.372,31.518,-5.1147,37.901,36.263,8.0995,37.189
132,-6.3743,23.873,22.91,22.67,16.862,24.955,21.319,24.943,6.5516,-11.774,26.419,-4.6348,22.661,22.577,27.632,27.891
133,-11.477,18.917,15.662,16.974,15.475,19.96,20.54,24.128,11.047,-10.725,28.371,-5.4812,21.077,18.18,18.662,17.92
134,-8.7161,-3.0758,-0.94185,-5.4864,-0.18759,-3.9892,6.0871,9.5715,12.099,-9.0184,10.73,-1.5427,4.5116,3.1394,2.3752,5.704
135,0.25396,-28.821,-21.874,-27.113,-30.099,-24.029,-11.24,-8.4942,4.1611,-4.445,-8.9281,0.55219,-15.709,-14.164,-0.93053,-15.038
136,11.885,-35.775,-29.733,-30.523,-29.912,-32.142,-22.988,-22.271,-0.70934,12.971,-31.013,18.453,-38.325,-34.87,-6.4482,-36.905
137,-0.75622,7.8654,-2.2799,12.557,16.229,7.6307,-11.297,-13.758,-17.699,6.1757,-0.55685,8.9646,-9.9682,-5.2401,-26.17,-12.471
138,0.25724,-1.1704,3.4531,7.5926,9.4967,2.8092,-0.2991,-0.31586,-12.8,4.5746,13.858,6.5731,8.8019,12.335,-7.6305,8.1532
139,8.1486,-24.209,-11.825,-11.972,-9.3008,-20.804,-3.2918,-3.6456,-7.5695,5.9258,-5.3819,6.2314,-4.2139,-2.1929,3.0327,-7.4793
140,-2.9901,4.7931,7.5226,13.859,14.507,8.6459,4.4383,3.5629,5.729,5.1406,8.6918,3.2597,12.433,8.338,11.176,5.2168
141,-4.7044,6.8515,6.4185,5.567,7.4621,6.697,9.6676,8.9146,3.426,-2.3671,15.028,-6.2995,17.892,11.608,8.1706,10.399
142,1.7991,-6.663,2.5235,-9.4175,-7.6341,-4.3903,7.7749,5.4314,3.7034,3.2819,5.6224,1.3471,4.7337,-0.83377,15.098,-5.4345
143,3.4228,-7.8932,-3.9724,-8.4434,-7.143,-5.7656,-2.5898,-2.5147,-1.0675,7.3921,-11.636,3.383,-11.607,-17.257,2.2788,-18.531
144,-0.038999,9.5137,3.8759,5.026,3.8052,10.197,-3.0824,0.61146,-3.9762,7.7467,4.5637,6.0438,-1.3126,-5.5405,4.2658,-0.85485
145,-2.9901,4.7931,7.5226,13.859,14.507,8.6459,4.4383,3.5629,5.729,5.1406,8.6918,3.2597,12.433,8.338,11.176,5.2168
146,-4.7044,6.8515,6.4185,5.567,7.4621,6.697,9.6676,8.9146,3.426,-2.3671,15.028,-6.2995,17.892,11.608,8.1706,10.399
147,1.7991,-6.663,2.5235,-9.4175,-7.6341,-4.3903,7.7749,5.4314,3.7034,3.2819,5.6224,1.3471,4.7337,-0.83377,15.098,-5.4345
148,3.4228,-7.8932,-3.9724,-8.4434,-7.143,-5.7656,-2.5898,-2.5147,-1.0675,7.3921,-11.636,3.383,-11.607,-17.257,2.2788,-18.531
149,-0.038999,9.5137,3.8759,5.026,3.8052,10.197,-3.0824,0.61146,-3.9762,7.7467,4.5637,6.0438,-1.3126,-5.5405,4.2658,-0.85485
150,-1.0955,21.992,13.635,22.415,22.73,18.217,6.1422,10.641,3.7008,2.9493,12.968,1.4006,10.037,11.588,1.0223,6.6024
151,-4.5835,8.3245,9.4789,9.6999,12.016,2.1912,8.5081,7.2935,1.7913,-5.6026,8.3299,-5.6582,15.106,19.67,10.404,23.374
152,-5.1693,-3.6463,0.53214,1.4183,-0.2405,-6.6182,0.53238,1.8398,-0.28502,-5.2394,-10.323,-4.2577,-1.8797,2.0615,13.685,7.1504
153,-2.4357,-15.339,-5.8826,-11.683,-13.485,-15.146,-3.7406,-3.9641,7.0054,-1.3465,-13.767,-1.9862,-6.3788,-3.5297,12.025,0.65714
154,3.2148,-26.365,-20.982,-27.842,-29.644,-29.524,-15.631,-16.089,7.8559,3.5667,-34.447,4.1826,-25.687,-22.62,1.1251,-15.618
155,1.5999,-6.3706,-11.285,-10.602,-9.0401,-11.517,-6.5937,-8.5539,-2.7614,2.237,-11.815,4.6384,-15.917,-15.784,-10.773,-7.927
156,-8.2284,20.965,-1.3594,8.9004,5.6962,11.514,-4.1365,-3.2784,-4.503,-0.83236,2.2094,-1.4304,-2.8515,-5.1405,-12.244,2.6855
157,-15.8,26.219,18.86,17.506,16.67,25.708,12.701,11.667,-1.3815,-11.899,39.73,-12.624,33.505,31.459,3.0232,29.76
158,-7.4642,-8.1458,-0.28238,-10.454,-12.614,-3.4515,3.6201,6.3786,10.315,-7.7549,-1.2412,-5.8028,-3.156,-3.4337,14.599,-5.7168
159,5.8869,-20.241,-14.519,-22.86,-26.115,-19.671,-9.7933,-5.2873,12.345,9.0204,-36.343,13.419,-30.374,-30.711,8.5769,-29.798
160,-2.6828,-1.6512,3.2126,3.1626,-0.98816,0.23841,9.665,4.7188,14.641,-4.0814,-9.647,-2.1745,-0.51649,2.8798,10.686,-2.1999
161,0.89365,7.5314,8.9037,9.0359,5.6383,6.0557,5.5392,-0.95318,8.5269,1.6521,-5.2877,4.0233,-3.8701,0.34134,-2.7594,-5.4
162,3.0082,-2.7368,5.2292,-1.992,-0.20075,-2.3567,6.2322,2.097,-0.63627,-8.9683,3.9155,-9.1793,3.5352,8.7135,-15.408,7.7249
163,7.5998,0.84014,-4.527,-3.186,-2.6793,-5.1373,-4.711,-2.5614,-2.3588,0.81544,-15.201,3.1992,-14.525,-11.843,-3.2101,-13.947
164,4.8844,-3.6728,-6.0755,-6.2451,-7.9643,-5.6374,-7.4592,-2.7818,-13.537,-6.6405,-2.6971,-9.3191,-0.86695,-1.1028,-8.0242,-3.6879
165,10.987,-5.5672,-10.394,-3.4146,-0.9316,-5.2687,-9.5082,-5.8254,-14.178,2.2788,-10.257,-0.82539,-16.292,-16.305,-7.6963,-16.544
166,2.1547,12.052,0.41898,10.546,11.457,9.7555,-2.0904,1.8728,-8.0316,1.495,14.19,0.7673,4.3302,3.5314,0.72778,8.4437
167,0.45792,1.4006,1.5446,-0.86614,2.1891,1.1796,1.7345,5.0713,-2.7769,-5.8271,21.983,-7.237,15.456,12.951,6.2647,19.295
168,3.7485,-1.9391,1.6909,-2.5746,-2.254,1.6765,1.2697,3.0278,2.8212,0.70456,3.3404,-0.58356,1.9906,-0.93487,6.2792,-0.3846
169,5.4472,6.149,4.9538,7.255,4.8069,9.3688,4.2598,3.5844,2.3529,4.7686,2.434,-2.2798,4.1746,3.4266,3.0409,1.9866
170,2.1679,-4.6285,4.556,3.9378,3.7099,2.5386,7.4252,8.8729,-0.66956,0.86644,2.4442,-2.3245,13.651,12.676,21.241,6.0748
171,7.7202,-23.98,-5.9394,-17.445,-13.306,-17.02,0.43241,1.2763,0.47415,3.7412,-11.783,2.2256,-3.0078,-4.4833,8.6713,-5.2202
172,6.8167,-7.8784,-4.0792,-5.5478,-3.8879,-5.643,-4.0272,-8.8188,-1.3386,13.121,-16.462,13.671,-14.797,-15.964,-2.5366,-19.151
173,-7.6328,10.586,6.2514,13.68,14.289,10.298,3.9294,-1.9861,-8.876,1.5043,9.4177,2.6037,7.532,5.7574,-3.2203,7.0106
174,-10.58,-0.0047226,7.5119,-0.078254,1.3022,1.4714,5.3914,2.171,-7.4572,-7.717,21.046,-7.6121,20.199,16.536,-4.4396,19.608
175,-4.4565,13.078,0.97504,11.031,11.149,10.321,-0.8793,-2.3358,1.9914,8.6594,1.2302,4.296,-10.428,-9.4343,-15.8,-11.663
176,-7.3788,13,2.3292,8.8265,7.0376,11.789,3.4588,1.9044,0.42174,0.33857,12.928,-3.1696,4.1957,6.7305,-16.922,3.7428
177,-2.7328,-4.1259,-3.1711,-6.5208,-1.9903,-2.8281,2.354,0.244,3.4104,-0.46187,12.689,4.2654,7.7762,7.9497,-14.747,11.238
178,-1.9527,-2.7888,-8.507,-3.7641,0.75196,-5.7486,-4.7209,-6.8087,-0.83638,-0.65018,-10.118,7.2544,-10.413,-10.745,-15.739,-7.5199
179,-6.6029,24.688,9.6683,21.584,23.202,20.032,5.374,2.0839,0.22886,-1.1267,9.6437,8.5691,9.0802,8.2324,-7.2992,7.3721
180,8.2481,-17.8,-7.731,-26.848,-29.583,-25.346,-3.5939,6.2736,16.949,2.4509,-13.944,10.018,-19.231,-19.094,11.611,-19.891
181,5.1677,4.718,-7.5671,-7.4911,-9.2855,-9.3282,-12.713,-4.4904,4.2609,4.4585,-22.3,9.7363,-22.561,-25.474,-0.028151,-25.488
182,-2.5258,23.987,5.6055,15.355,19.224,11.379,-2.0402,-0.72288,1.7771,-0.51746,-3.4701,4.5842,3.8937,2.2276,-4.0112,9.3923
183,-2.1961,9.0353,4.7027,-0.090423,-1.215,1.0167,4.757,5.3721,10.515,-10.504,4.2272,-9.8021,10.777,10.665,1.4871,18.713
184,4.4721,-10.639,-6.2647,-20.354,-24.94,-17.375,-5.7003,-2.4459,13.805,-0.92852,-19.517,1.1855,-13.34,-14.842,14.195,-11.029
185,-5.4001,-11.54,1.414,-5.604,-7.7439,-7.3287,12.531,6.3229,1.957,-7.4785,1.0086,-9.8296,5.6089,8.7193,9.5331,7.0121
186,2.2146,-24.052,-9.4227,-18.234,-14.299,-19.935,2.8061,-2.1771,2.5854,-3.1033,-11.109,-6.3516,-8.0412,-3.9683,1.0328,-8.0922
187,1.8568,-14.003,-11.226,-9.8282,-8.0944,-14.429,-10.987,-8.6859,-3.6021,7.2168,-23.857,3.3939,-20.79,-18.247,5.6334,-21.917
188,3.735,-18.076,-11.747,-13.814,-14.792,-18.077,-15.457,-15.465,-9.3769,3.9941,-19.17,-0.43125,-17.061,-13.81,6.2426,-12.215
189,3.2356,-13.714,-10.437,-12.394,-13.941,-12.509,-15.455,-15.141,-13.662,1.4014,-16.344,-2.7199,-16.585,-13.671,3.773,-7.7259
190,1.9162,-2.8953,-1.0347,-0.30813,-0.55703,3.1832,-3.3545,-2.519,10.993,-1.0632,7.6211,-8.9183,2.3838,4.1187,-0.57425,5.8865
191,-3.8048,-3.397,-0.59837,1.5441,0.56545,3.8434,-4.1212,-4.245,17.501,1.0417,-0.81034,-5.744,-1.8855,-1.4073,-2.9999,-0.12319
192,1.696,-22.801,-11.472,-20.572,-22.192,-16.908,-7.5663,-7.5789,12.397,-1.245,-12.571,-4.0733,-14.763,-13.693,-10.205,-8.9986
193,5.7571,-11.308,-7.0412,-9.2849,-12.062,-7.5778,-7.261,-9.2202,6.2215,6.1623,-10.925,7.9413,-15.318,-13.3,-17.934,-16.543
194,-5.2161,16.797,8.9404,20.099,20.187,20.675,2.5726,1.1039,-0.77314,2.0176,12.436,5.5125,7.8764,10.593,-14.729,0.069188
195,1.9162,-2.8953,-1.0347,-0.30813,-0.55703,3.1832,-3.3545,-2.519,10.993,-1.0632,7.6211,-8.9183,2.3838,4.1187,-0.57425,5.8865
196,-3.8048,-3.397,-0.59837,1.5441,0.56545,3.8434,-4.1212,-4.245,17.501,1.0417,-0.81034,-5.744,-1.8855,-1.4073,-2.9999,-0.12319
197,1.696,-22.801,-11.472,-20.572,-22.192,-16.908,-7.5663,-7.5789,12.397,-1.245,-12.571,-4.0733,-14.763,-13.693,-10.205,-8.9986
198,5.7571,-11.308,-7.0412,-9.2849,-12.062,-7.5778,-7.261,-9.2202,6.2215,6.1623,-10.925,7.9413,-15.318,-13.3,-17.934,-16.543
199,-5.2161,16.797,8.9404,20.099,20.187,20.675,2.5726,1.1039,-0.77314,2.0176,12.436,5.5125,7.8764,10.593,-14.729,0.069188
200,-0.083311,5.5404,5.855,11.586,9.9882,10.879,10.613,15.09,-4.441,-1.4716,8.1931,2.6421,12.114,11.864,5.0788,6.5179
201,2.3107,11.207,14.761,14.382,10.019,14.426,15.469,16.403,-7.2891,2.2404,10.362,6.665,14.55,14.919,2.4989,7.44
202,6.7914,-2.5997,5.9617,-4.144,-7.9914,-2.7089,11.279,11.53,-1.8873,2.8326,3.4425,1.8331,6.2613,7.2439,-2.0089,-1.2821
203,7.2879,1.7926,-1.9065,-3.31,-5.2821,-2.5776,-0.29018,0.60867,-0.58582,14.426,-4.5356,12.996,-1.1245,-2.4771,-8.7765,-7.6546
204,10.651,-5.0518,-9.1925,-9.5663,-6.2703,-7.3075,-8.4365,-3.675,-8.2003,8.7899,-11.54,8.5602,-7.6556,-11.49,-17.249,-9.2655
205,0.50122,7.5957,2.2995,3.7816,5.3996,6.2177,1.9134,-1.0193,-2.2893,-3.9726,8.7344,-3.6471,10.419,8.7044,-0.82778,13.162
206,5.0109,-0.8725,-6.6997,-1.1192,1.7034,-2.7708,-4.424,-6.951,3.1756,3.9349,-4.0389,7.424,-8.4409,-10.764,17.475,-2.3315
207,-2.6884,4.3208,-0.14155,3.666,8.4928,3.5748,-1.7121,-6.0893,-5.4157,-5.6135,17.651,-6.4709,10.161,6.5249,8.6541,9.6798
208,4.6807,-17.093,-9.7336,-20.414,-19.031,-20.624,-8.5084,-10.918,1.7475,3.1526,-3.6176,0.27004,-9.3021,-12.493,8.1504,-6.7734
209,-2.746,-0.87156,-5.0993,-0.28713,-3.3647,-4.3954,-9.8356,-10.099,-1.7881,4.1018,1.6395,-2.5642,-7.451,-10.481,-0.88449,-5.1171
210,-6.0111,4.1175,-0.94027,6.786,8.642,2.9626,-3.1713,2.8701,-0.585,-2.2842,0.78157,-11.326,1.2582,-3.0694,6.2618,1.1646
211,-6.1445,13.201,9.5576,14.125,17.049,11.681,7.9196,11.182,-3.0058,-4.3538,11.421,-10.002,9.8293,7.7247,10.941,10.819
212,3.7231,-2.0332,4.3238,0.93805,1.165,-4.6968,6.8375,5.9266,1.6871,-4.4644,6.6055,-9.5341,0.52198,0.83135,7.402,2.6688
213,4.4635,-9.5293,-1.6336,-4.9523,-6.5065,-6.9332,3.5029,2.2091,2.0943,-3.0039,4.6424,-5.4159,0.43649,-0.81312,0.85796,1.5207
214,4.2591,-6.2624,-3.1457,-5.1536,-6.3544,-1.9404,-1.0411,-1.0915,-5.9607,-2.0299,-3.4414,-1.9759,-6.0744,-10.537,-16.881,-11.508
215,-0.58414,9.3979,9.3694,0.71924,5.02,11.875,3.7735,4.6718,-6.4216,-1.3361,13.47,-2.7156,11.812,10.356,-12.353,5.6346
216,-11.92,21.998,15.511,14.686,18.611,23.11,8.7234,9.5797,-3.4306,-5.984,21.584,-7.1073,22.75,22.756,4.4045,15.048
217,-10.66,-0.63374,6.1497,-6.038,-3.6838,3.2956,10.83,8.0985,3.4405,-11.119,25.95,-10.486,27.91,27.326,28.96,26.508
218,1.5997,-34.732,-24.19,-39.16,-37.961,-31.441,-8.4799,-6.9062,8.9903,-3.0558,-19.306,-2.1643,-20.902,-20.503,25.449,-19.708
219,-4.4844,-11.579,-15.661,-10.114,-7.6927,-6.5062,-12.957,-12.173,-0.076351,4.865,-15.113,7.5294,-18.36,-17.264,6.3177,-21.821
220,1.9722,-30.955,-21.404,-25.151,-19.058,-20.624,-15.139,-12.093,-4.0937,5.6721,-30.196,9.8756,-25.122,-23.81,1.7659,-21.423
221,0.5021,-18.742,-12.75,-9.2102,-5.4812,-10.02,-12.629,-9.9738,-7.4556,0.96333,-24.008,5.2078,-13.749,-13.651,-13.755,-10.925
222,0.9318,-4.8808,-2.6073,2.938,2.3572,0.37488,-6.8968,-1.2205,-2.7658,5.4125,-21.443,11.992,-5.0592,-4.048,-9.4065,-5.26
223,-1.1388,2.9388,2.7312,5.8969,4.8025,5.9306,1.661,7.2755,-6.4338,-5.7214,-4.2349,1.7452,9.8973,8.1383,-3.342,5.6853
224,-1.2213,17.887,6.5716,14.238,8.8113,14.311,3.5358,6.6591,3.1851,0.19022,-11.683,10.547,0.18028,-1.924,13.137,1.896
225,-5.8097,25.414,25.833,23.86,22.763,23.503,18.671,21.095,12.425,-6.4397,25.927,-6.4402,31.842,37.458,5.6009,39.236
226,0.71758,12.565,11.751,14.229,15.536,10.678,14.354,13.121,19.705,0.9205,4.0131,-2.2382,5.9546,14.433,0.94093,9.2309
227,9.4585,-0.63757,-1.7203,-4.1403,0.60322,-5.1825,5.637,1.7939,17.684,9.8324,-15.736,6.4054,-12.485,-1.9633,-6.813,-9.0065
228,13.772,-7.0908,-6.9779,-14.801,-12.372,-13.313,1.0024,-7.2913,7.1285,7.9547,-18.41,2.8081,-12.206,-1.6204,-14.726,-7.1506
229,12.661,11.277,0.78128,3.699,5.1301,1.462,-0.74812,-11.382,4.5814,16.546,-16.465,13.208,-13.574,-6.7971,-11.142,-8.6376
230,2.5366,-0.62506,1.4245,-1.6262,-0.44186,-3.7493,2.429,-8.9329,-0.73148,1.2188,2.9648,-0.53004,-7.3702,-4.8655,-7.5339,4.9248
231,0.56219,0.60243,3.2931,1.4593,0.59397,0.34948,3.4922,-7.8283,-1.779,-3.2485,5.9559,-5.7604,-4.5816,-4.5609,-16.99,0.4767
232,4.4345,1.6746,6.1607,2.643,0.56166,2.9577,5.6089,-6.1164,-4.8769,-0.22874,12.233,-1.6906,-2.866,-1.8262,-5.0855,2.7313
233,7.0192,0.4207,6.1746,1.5939,2.4328,3.3411,3.5338,-7.9424,-9.4189,0.94639,9.874,-0.011289,-4.3338,-7.838,-2.9473,0.73915
234,8.4608,-7.7046,-1.592,-8.5165,-13.508,-8.8186,-4.411,-11.209,-15.408,3.65,-6.3999,6.5553,-9.4897,-17.928,4.4752,-9.1558
235,-2.6976,13.979,3.7615,15.548,18.196,13.151,1.5244,-2.6686,-13.176,3.2023,3.1295,3.6143,14.291,6.2108,-5.6866,6.4967
236,-5.087,6.0315,7.7155,10.739,8.3255,8.1482,10.643,7.4408,2.5929,-3.8679,21.655,-2.5034,30.254,26.373,4.655,22.554
237,-1.2486,-10.383,-2.7436,-5.9649,-10.093,-6.6991,4.3928,7.1627,11.03,-3.9619,3.5807,0.36151,12.148,12.612,9.6295,3.913
238,-5.1551,14.866,5.28,17.192,11.565,12.243,3.1518,2.9578,10.543,2.4289,-3.9678,6.9614,0.7189,2.8783,1.7195,-5.3752
239,-6.388,6.8852,7.4689,9.1609,7.6554,4.7107,9.6265,11.696,7.143,-10.846,15.813,-8.6598,16.364,18.663,6.742,16.942
240,-7.3025,4.0274,3.4603,10.491,3.9577,7.1565,1.3396,9.3399,8.0754,-5.2623,8.5618,-8.8519,1.6087,6.5273,-1.1982,-2.1006
241,2.3196,-9.1781,-3.1407,-9.3446,-11.283,-7.5497,-2.6511,4.3011,10.056,2.2492,4.028,-1.0353,-6.9249,-3.9238,-4.7119,-5.1325
242,1.3103,-14.168,-8.0719,-13.724,-11.014,-10.818,-6.2034,-3.3949,1.5791,0.46902,-1.0239,-3.1741,-10.475,-9.4355,-6.5969,-6.1606
243,3.8571,-4.0909,-5.3276,-6.4557,-3.5977,-2.7052,-7.8592,-5.2108,4.5707,6.7059,-3.4879,4.086,-13.267,-15.241,1.2334,-14.242
244,-2.7677,12.459,-0.50055,1.9812,3.9909,11.175,-6.9189,-1.089,3.0862,-2.8617,3.8672,-6.718,-4.225,-9.7377,0.11971,-3.1569
245,-5.5779,2.4923,5.9653,1.735,4.1684,4.0977,4.0702,10.553,13.225,-15.719,15.833,-16.477,12.209,6.5996,12.076,7.0912
246,-3.1867,-0.12023,0.49309,-5.6055,-3.8293,-2.9666,-1.7555,-0.94377,10.677,-6.9009,-0.074265,-4.18,-1.7132,-4.8892,13.335,-3.8977
247,-7.3088,-6.0532,-5.163,-12.446,-10.944,-6.7299,-4.0042,-5.3768,1.5108,-13.887,3.1659,-10.775,-0.27228,-2.7954,2.1403,-3.1794
248,-3.3982,-14.46,-11.651,-14.986,-15.674,-17.348,-8.8878,-7.9293,0.71399,-2.436,-16.179,1.9463,-13.528,-16.972,3.3938,-16.4
249,8.1324,-30.471,-14.92,-28.282,-29.787,-29.02,-11.047,-8.8181,-7.6175,3.0741,-15.997,4.6797,-12.313,-13.599,-9.0532,-15.272
250,-5.5779,2.4923,5.9653,1.735,4.1684,4.0977,4.0702,10.553,13.225,-15.719,15.833,-16.477,12.209,6.5996,12.076,7.0912
251,-3.1867,-0.12023,0.49309,-5.6055,-3.8293,-2.9666,-1.7555,-0.94377,10.677,-6.9009,-0.074265,-4.18,-1.7132,-4.8892,13.335,-3.8977
252,-7.3088,-6.0532,-5.163,-12.446,-10.944,-6.7299,-4.0042,-5.3768,1.5108,-13.887,3.1659,-10.775,-0.27228,-2.7954,2.1403,-3.1794
253,-3.3982,-14.46,-11.651,-14.986,-15.674,-17.348,-8.8878,-7.9293,0.71399,-2.436,-16.179,1.9463,-13.528,-16.972,3.3938,-16.4
254,8.1324,-30.471,-14.92,-28.282,-29.787,-29.02,-11.047,-8.8181,-7.6175,3.0741,-15.997,4.6797,-12.313,-13.599,-9.0532,-15.272
255,11.172,-6.1329,-14.701,-2.8904,-3.092,-9.1809,-23.954,-19.662,-16.608,21.814,-32.18,20.122,-32.263,-30.378,-21.425,-40.864
256,0.71025,-0.28127,-4.9404,5.54,4.0226,-0.97693,-7.7401,-3.0869,-18.885,5.5184,4.8397,3.1287,9.1421,11.067,-9.9292,5.0051
257,0.26729,4.2653,-5.8415,4.6914,-1.27,-0.48553,-4.3514,0.33151,-13.447,1.7864,-8.128,1.3693,0.62968,0.79939,6.2054,0.40681
258,-1.9177,10.926,-1.5608,7.7604,1.959,-0.93919,-3.425,0.032317,-14.366,-0.11586,-10.059,0.5661,-2.2592,-5.1334,2.2538,1.0914
259,-4.3838,7.0268,4.8839,9.7474,5.5191,0.83586,0.59298,1.4594,-10.14,-3.3628,-3.5071,-2.0137,3.0436,-0.24165,-4.4795,12.937
260,-11.122,18.205,9.822,20.276,20.44,14.889,8.7015,3.9405,-5.5677,-12.681,14.566,-10.144,13.708,12.015,8.2334,17.067
261,-14.593,20.184,14.218,22.955,22.819,16.669,14.701,9.4928,-1.7614,-18.07,19.823,-17.188,17.147,20.151,17.394,24.109
262,-5.3374,-3.1672,1.9609,0.82167,-0.96717,-4.5988,12.944,3.29,2.5712,-10.397,10.051,-11.171,3.4881,7.5729,17.07,4.8728
263,-9.2195,9.2802,5.2009,13.116,12.545,9.9888,11.969,7.4985,-0.85133,-7.4508,8.9316,-10.017,8.0686,10.335,1.0472,4.7859
264,-9.6736,19.682,18.846,18.563,17.859,23.843,17.63,17.579,0.54778,-6.9574,25.312,-9.1999,31.286,32.405,-4.4574,26.508
265,8.6147,-10.866,-8.1737,-11.688,-7.5049,-9.802,-2.6956,-6.9472,7.3777,11.311,-24.635,9.6536,-17.44,-14.008,-10.099,-16.101
266,3.0174,-4.1379,-4.5984,-0.91997,1.5644,-4.4445,0.030348,-6.2324,-3.7153,2.6223,-5.8575,2.1206,2.5707,3.3631,-5.807,3.4998
267,5.94,-4.8798,-3.2392,-3.7586,-1.7786,-10.389,-0.52625,-5.5124,0.97165,9.9936,-10.437,12.85,-2.1711,-1.2516,9.5384,1.6596
268,3.1293,-5.721,-1.1809,-6.4191,-5.3205,-7.4938,-0.36055,-2.9946,-0.92495,7.8642,-3.7631,7.5367,0.80867,0.93049,3.6735,3.0848
269,1.4043,3.295,-0.74277,3.59,2.9061,1.1737,-3.459,-5.291,-1.6266,12.319,-11.707,12.078,-10.996,-14.176,3.9249,-16.723
270,4.2197,-12.837,-6.4021,-10.074,-10.523,-9.4281,-9.8281,-2.7514,4.3933,3.6537,-3.8061,3.7196,-2.3319,-4.3916,-8.6325,-3.2593
271,-3.2172,7.1162,-0.24853,5.7674,4.2772,5.3929,-6.6924,-1.5114,5.4827,0.68713,-4.745,0.49035,-4.5703,-7.6509,-15.165,-5.5002
272,-2.507,-1.7689,-1.0864,-2.1923,-0.058804,-2.294,-2.3687,1.7737,8.9305,-0.23685,3.9684,0.1996,2.166,1.1017,-3.3324,0.37297
273,-13.546,24.077,17.487,24.861,25.215,26.527,8.5473,12.12,2.1649,-11.717,31.259,-13.711,17.787,19.251,-7.2869,12.627
274,-15.728,23.104,22.049,22.608,21.019,29.668,17.957,21.086,7.6323,-10.826,42.145,-14.299,22.626,25.235,-4.2109,16.431
275,6.066,-20.213,-7.9219,-17.311,-18.657,-15.357,-4.4769,4.1408,13.762,5.7153,-10.369,5.3976,-14.727,-13.453,-2.1394,-17.679
276,5.2345,1.1108,-4.616,-0.78672,-4.6161,1.5282,-6.4072,-1.535,1.4407,7.8602,-11.579,8.1347,-12.324,-10.438,-7.3463,-14.065
277,2.1125,9.9637,1.0258,5.9433,2.905,8.0517,-1.2968,1.991,-0.37702,5.1483,1.2479,7.0907,2.9795,3.9788,-1.1106,1.4269
278,4.3464,-6.5802,-4.0058,-8.5089,-11.163,-9.9727,-3.3823,-3.8232,0.48016,1.6084,1.0681,2.6027,1.8016,0.0090704,0.77546,7.8743
279,3.3719,-12.323,-7.6941,-9.3866,-11.112,-14.729,-2.967,-7.0431,-3.8524,4.9967,-13.973,5.9148,-8.6401,-12.218,-1.8849,-5.2074
280,-3.4787,12.188,9.2557,13.467,15.258,6.6009,10.433,3.554,0.12101,-3.2078,15.116,-4.0459,17.272,18.332,4.3023,16.302
281,-1.2391,2.9989,3.251,1.9606,1.9661,0.24986,6.8533,0.91978,-1.2952,-5.4508,3.6382,-4.3752,3.5811,2.9026,9.3712,3.1501
282,7.5672,-9.9903,-3.7257,-13.46,-12.005,-8.8641,0.30701,-0.042174,0.89344,-0.46306,-5.0167,2.5183,-4.2329,-7.5366,9.9472,-6.0583
283,11.191,-20.371,-13.65,-24.315,-22.465,-16.912,-7.1582,-4.4023,6.2907,3.3739,-10.982,3.4366,-9.5992,-11.639,-0.034905,-10.336
284,-0.35516,10.627,-0.20166,10.541,11.705,10.474,-7.394,-8.9424,5.9332,12.178,-2.8474,9.784,-6.2951,-6.4569,-11.215,-7.7757
285,0.17727,-4.2206,0.083748,-1.3674,2.4884,-2.426,-2.1321,-4.9449,-1.1925,4.9072,1.5488,6.9422,1.3306,5.7194,22.461,13.044
286,0.46575,-0.058137,-0.13451,0.37381,-2.5228,0.10012,-7.1845,-3.1695,-1.8879,0.57701,-14.547,1.854,-8.2679,-7.2251,18.763,-4.5807
287,0.65091,3.0094,5.796,2.289,3.9806,3.1439,-2.0171,1.9776,-5.736,1.62,-6.9129,3.7262,2.4207,1.6429,10.741,1.6541
288,0.38214,-3.936,2.247,-3.2733,-3.0833,-6.7151,4.1485,2.8143,-12.498,-6.3729,-0.8132,-3.8895,7.8786,7.7405,7.1954,3.5861
289,3.8557,-6.6972,-8.3345,-6.8767,-10.48,-12.669,-4.3519,-5.3028,-13.897,3.9106,-21.741,7.2096,-14.944,-14.041,6.6546,-16.646
290,0.37151,10.204,0.31903,12.529,8.2458,6.9928,-1.7164,0.2594,-16.718,0.1269,-9.1308,8.006,-8.642,-5.7894,-10.836,-16.798
291,-7.4397,26.13,14.045,24.296,23.157,21.609,10.455,10.086,-12.427,-15.829,25.09,-8.7184,21.613,25.123,-13.462,22.438
292,-1.1427,-4.0014,4.0243,-6.7564,-6.2007,0.40837,10.783,10.464,-1.596,-12.886,20.021,-8.6857,16.674,20.538,-0.32012,26.438
293,13.396,-27.156,-17.35,-30.993,-33.416,-23.1,-9.4531,-9.3841,7.488,4.8308,-23.699,6.2806,-28.542,-27.86,2.7504,-22.859
294,6.2861,4.3035,-2.9641,0.74653,-1.4809,4.4045,-5.1738,-8.9048,4.7553,6.8647,-4.9948,8.13,-11.381,-12.216,-5.2334,-9.4787
295,1.7342,10.262,2.08,8.9549,9.4412,11.74,-0.66496,2.1282,14.005,3.5009,3.6255,-1.4804,1.1371,-0.056733,7.7984,-1.3558
296,-1.3562,5.997,3.3875,4.9031,4.4369,5.1862,3.175,4.1064,8.9696,-3.8212,10.343,-8.155,8.0002,8.6803,13.325,8.2804
297,-6.4938,9.504,9.8968,8.6271,9.0399,7.8404,5.7937,3.0769,5.4014,-3.331,18.391,-4.3234,9.716,9.0933,6.7242,10.287
298,-16.344,12.093,11.858,13.195,18.278,11.958,8.441,8.217,2.7502,-9.4288,28.025,-12.123,13.716,14.489,-4.1446,20.65
299,-3.0405,-19.311,-10.567,-19.354,-14.727,-17.886,-5.8528,-2.8227,10.935,-0.54242,-10.024,-2.841,-20.972,-15.633,-5.2248,-7.8098
300,-6.4938,9.504,9.8968,8.6271,9.0399,7.8404,5.7937,3.0769,5.4014,-3.331,18.391,-4.3234,9.716,9.0933,6.7242,10.287
301,-16.344,12.093,11.858,13.195,18.278,11.958,8.441,8.217,2.7502,-9.4288,28.025,-12.123,13.716,14.489,-4.1446,20.65
302,-3.0405,-19.311,-10.567,-19.354,-14.727,-17.886,-5.8528,-2.8227,10.935,-0.54242,-10.024,-2.841,-20.972,-15.633,-5.2248,-7.8098
303,0.19511,-17.754,-14.735,-18.737,-19.576,-15.405,-13.45,-8.1344,-2.853,4.9799,-12.047,0.50247,-23.789,-21.912,-16.083,-21.809
304,-1.3251,2.0878,2.5153,1.0462,0.50169,3.7035,-3.8214,-2.2461,-11.107,3.7773,11.95,-3.0498,6.6254,4.6991,-19.161,-0.22463
305,2.2118,11.821,-0.90719,14.559,16.994,10.394,-5.9428,-6.2637,-10.51,4.6724,-2.4357,6.0447,-1.197,-5.2721,-12.564,-9.471
306,-0.9761,18.544,12.712,22.545,25.516,15.278,8.5677,8.9791,-2.8877,-0.67051,19.379,1.0506,23.155,19.838,2.9991,19.089
307,8.475,-13.881,-3.1219,-10.809,-10.372,-15.379,4.3773,7.7405,2.933,-4.2194,0.27453,-0.73765,6.5229,4.9533,13.659,8.502
308,5.346,14.147,7.7287,11.639,7.7839,7.7605,1.2744,4.2576,-0.92583,7.5238,-11.77,16.376,-3.6662,-4.8203,6.5143,-5.9545
309,-2.4053,14.539,12.828,14.803,12.867,13.483,9.7527,8.117,-4.2349,-2.1502,5.9695,3.503,16.014,16.395,2.8727,15.459
310,0.10269,7.5885,3.8929,1.5115,0.42557,6.8286,7.0814,5.148,9.8994,4.1678,-2.1023,4.8002,5.0286,6.9555,12.525,1.5284
311,-2.3952,13.643,8.3119,10.136,7.9056,12.589,4.476,5.0254,5.6347,7.0135,-3.7767,7.1441,-2.4352,-1.6707,-0.4808,-3.7361
312,-13.497,24.723,18.316,21.508,17.95,25.327,11.066,9.7068,-1.9413,-7.4386,15.178,-10.015,14.875,13.488,-10.028,10.476
313,-5.6756,5.1026,10.156,3.6322,0.25055,4.9687,7.1533,11.207,5.9846,-5.6005,5.2464,-5.409,2.0907,3.3709,1.2118,5.9834
314,-3.5402,-3.7725,1.6866,-4.9458,-6.7658,-3.6651,2.3006,4.4495,5.1764,-7.2899,-0.19627,-7.2449,-1.2851,-1.2306,-3.6412,1.2584
315,-6.3455,-1.9195,-0.11912,3.8627,6.6951,-1.2271,1.7992,2.0954,-5.5283,-6.6474,-1.6276,-9.984,1.942,2.4687,-0.44385,-0.95022
316,-8.0528,3.0856,2.715,10.097,14.319,3.2509,6.9286,7.996,-6.6214,-7.8547,12.337,-9.0961,16.986,18.856,5.2276,14.202
317,-5.3932,-4.9275,-2.4468,-2.529,1.581,-5.4984,2.0438,2.6111,-1.5724,-6.418,9.9403,-8.598,7.8099,9.0819,10.555,2.9111
318,7.3553,-35.535,-23.077,-33.59,-31.12,-37.063,-9.3099,-7.0434,-0.51762,-0.52619,-16.032,-0.73879,-15.523,-15.291,12.957,-17.725
319,2.7989,-6.2792,-11.104,-2.9364,-1.6274,-7.346,-7.391,-9.7077,-8.0304,5.0114,-17.746,6.9344,-12.963,-11.711,4.3981,-17.913
320,5.4628,-10.677,-3.4666,-13.416,-16.034,-11.466,-2.5009,-4.1694,-5.4639,0.9304,0.12437,1.1326,-4.3481,2.2544,7.8947,2.7102
321,7.3819,-11.983,-13.158,-18.899,-21.42,-11.829,-12.999,-10.645,-3.6043,4.7387,-9.5284,4.699,-18.057,-16.827,2.6416,-18.252
322,4.0097,-3.753,-8.3903,-6.6885,-11.405,1.1514,-13.878,-14.608,-1.1265,9.3651,-4.0032,7.5753,-13.691,-16.943,6.0696,-11.422
323,0.16196,-9.6768,-7.4171,-8.563,-15.037,-3.7219,-13.279,-14.202,-2.2638,3.2236,-3.8278,-1.5838,-10.44,-13.717,5.2894,-4.9837
324,2.0527,-5.5373,-6.9366,-4.7173,-5.0662,-6.125,-14.201,-12.907,1.544,4.7445,-9.047,2.0488,-12.022,-17.197,-10.047,-6.7424
325,-4.049,-11.76,-11.445,-13.713,-12.007,-8.6689,-6.4355,-5.5429,7.9095,-3.8958,-2.0278,-4.8185,-6.3597,-9.1476,-3.5123,1.4015
326,3.2661,-12.877,-17.841,-9.9855,-9.4486,-11.196,-10.752,-8.6159,5.5874,-1.5264,-23.379,-0.31557,-24.267,-24.191,-9.0621,-16.25
327,3.7368,-0.65336,-4.6382,1.2508,1.703,-0.30426,-3.3894,1.5998,-2.8759,4.1849,-4.5367,7.3274,-0.57036,-1.4385,-4.1352,-0.72909
328,9.1715,-7.4348,-3.2518,-7.7817,-4.7839,-5.3154,-0.70743,4.5426,-8.4357,0.84998,-5.1157,3.3875,1.758,-0.22003,-14.205,-3.7899
329,12.665,0.33386,4.1435,1.6894,5.1955,5.436,1.5633,1.7726,-6.7575,7.6274,-1.2417,11.373,2.8713,5.769,-17.81,-5.9269
330,6.563,16.544,18.977,24.118,21.648,18.068,12.728,5.0964,4.4752,9.8963,3.1611,11.822,12.047,15.267,4.1179,6.5086
331,-2.1811,20.535,21.58,23.096,20.035,19.496,15.209,9.3498,4.4252,-3.3073,17.898,-2.818,26.5,29.94,6.4976,25.111
332,1.8649,9.2775,9.2083,6.5372,7.5133,3.8727,11.549,9.1677,9.55,-2.4692,7.9393,1.7299,6.8986,8.0457,9.8524,10.45
333,3.8821,6.1344,2.4346,4.7864,1.4756,0.48539,4.1897,0.010831,7.5486,-2.2816,-4.3463,4.0379,-9.8338,-9.3731,-2.3914,-3.6184
334,1.0519,9.9266,4.8255,6.8591,4.9192,3.7983,5.5243,-1.5486,3.4733,0.27415,7.56,5.239,-1.2634,-2.2185,-3.606,7.6363
335,3.9926,-4.4569,-6.4958,-8.014,-9.6453,-8.9556,-6.3522,-4.2959,1.1448,1.5688,1.8308,-2.3718,-16.013,-19.384,-12.109,-12.295
336,-0.019006,3.1239,3.7364,5.1792,6.7659,6.4107,0.58322,0.50551,-2.4867,-3.171,32.436,-9.0283,3.9694,2.591,-7.0261,5.2834
337,-4.9114,1.5168,5.9069,5.0381,6.4338,8.6254,7.4627,13.256,-1.047,-7.2267,37.298,-10.489,14.416,13.801,-2.4085,10.884
338,-0.013327,-3.4371,1.6791,-0.861,1.1224,3.6962,7.0816,13.102,-1.7959,-1.4971,20.287,-5.9415,6.8531,7.3792,1.3574,-0.50112
339,6.1742,-11.624,-3.6691,-10.263,-7.855,-3.5371,5.7927,9.9502,-2.7329,4.6962,17.462,-3.0263,7.6971,6.9682,6.8503,-0.77984
340,10.815,-17.589,-12.101,-14.507,-8.6683,-15.06,-5.0286,-8.6218,-5.4135,13.451,-20.321,6.9355,-3.7674,-4.8061,10.87,-3.449
341,10.067,-8.1858,-10.681,-13.635,-10.369,-11.931,-9.6986,-11.57,-5.422,11.563,-25.109,6.7008,-7.3725,-7.3889,5.4227,-1.7822
342,8.8559,-6.8409,-10.001,-14.229,-15.802,-15.617,-14.466,-13.878,-8.7925,5.1175,-31.139,-0.17889,-17.517,-17.547,-11.17,-15.847
343,6.6431,-5.1196,-4.7807,-10.615,-14.957,-13.566,-15.312,-17.295,-9.1237,8.1192,-29.983,2.995,-22.774,-22.538,-15.129,-19.191
344,-4.2376,5.1116,-2.0259,2.3892,-3.0461,-0.92319,-12.232,-11.388,-11.49,2.1794,-20.783,-1.8864,-18.052,-17.999,-7.5078,-6.4792
345,-16.953,7.3516,7.8694,8.1092,4.5847,5.0133,0.28858,-0.24665,-3.6029,-12.668,-12.545,-9.2639,-4.6003,-2.0782,7.8019,-0.02879
346,-18.645,12.914,9.6696,12.91,15.506,11.78,3.2583,0.686,-1.304,-11.729,-0.38248,-3.2628,3.5986,5.362,17.561,7.8269
347,-22.507,13.736,8.1326,11.696,15.966,15.722,8.6215,6.0788,-3.2113,-19.609,11.118,-12.633,13.85,15.671,9.535,11.062
348,-13.728,4.6836,3.2934,3.2625,3.4482,5.6869,7.0165,6.5451,2.5606,-13.281,2.4179,-6.031,8.5942,8.7859,-0.52457,-0.87969
349,-15.29,22.293,12.174,19.716,20.277,21.128,16.082,14.341,0.68444,-16.827,15.888,-11.928,25.718,27.006,-6.9529,14.95
350,-14.313,14.63,8.4473,12.063,16.506,14.059,15.352,19.993,7.5231,-9.3132,11.058,-0.52411,25.178,27.225,14.677,19.413
351,-16.241,-7.3805,-6.031,-7.0639,-1.225,-3.3499,3.4975,14.863,5.3917,-12.164,5.6148,-4.2741,20.643,22.688,19.192,17.063
352,-14.751,-10.408,-11.472,-15.148,-12.828,-8.4587,-3.3139,5.4438,3.2763,-7.7275,-2.5858,0.16579,7.4037,7.675,21.895,5.4998
353,-10.904,-11.716,-9.9215,-16.761,-16.197,-10.166,-4.6311,-3.3669,-0.13206,-10.811,-11.716,-3.5682,-7.301,-6.8944,12.596,-7.6439
354,-11.302,0.63618,-0.84934,-1.3445,-0.25693,0.95366,-3.9684,-5.8216,1.5539,-4.5721,-16.958,4.4938,-13.869,-10.402,4.9827,-10.409
355,-9.3711,-17.583,-9.629,-20.73,-17.289,-10.722,-5.5126,-5.9988,2.086,-8.9477,-12.827,-7.2983,-8.2108,-2.615,-12.242,3.1066
356,-1.4527,-19.154,-11.231,-23.031,-17.726,-10.897,-12.78,-11.695,7.3836,-1.3181,-26.078,-2.9997,-23.993,-18.721,-33.484,-16.808
357,3.5497,-24.552,-14.184,-27.631,-19.8,-13.498,-15.506,-12.933,10.886,4.1789,-23.187,0.34391,-23.887,-18.611,-33.485,-18.505
358,4.7154,-22.5,-18.66,-23.711,-15.909,-8.7292,-17.037,-14.254,5.7638,7.6098,-18.315,2.3177,-20.424,-17.899,-23.756,-22.655
359,4.2322,-13.722,-19.688,-19.241,-13.034,-6.2682,-16.341,-15.147,-0.66858,7.4322,-15.315,5.5529,-19.054,-21.446,-7.138,-22.387
360,3.4949,-7.7104,-3.9431,-2.7557,5.0994,-2.8508,-4.774,-7.8273,-2.088,2.7871,-6.1164,0.29735,-4.88,-8.0965,-3.859,0.49618
361,6.0589,-5.7591,-3.2874,-1.3629,3.4706,-5.9214,-5.0732,-10.425,-0.34651,5.4331,-4.2762,3.7681,1.2998,-4.9144,-11.441,4.1706
362,4.9389,0.63931,-0.057371,3.9718,4.5374,-4.6069,-0.16298,-4.8156,-2.3493,-0.43767,2.4102,-1.2673,9.6671,4.6559,-1.1821,8.97
363,1.3259,27.156,17.269,29.286,24.991,14.406,8.9564,0.35197,4.8943,2.4873,7.4281,1.2849,12.141,8.6324,14.546,10.747
364,0.33273,33.4,26.445,34.745,24.633,21.968,21.771,11.232,7.8401,-2.8807,23.49,-4.8419,20.688,16.736,10.962,23.358
365,0.88246,25.308,25.627,31.199,17.474,16.477,22.355,17.127,3.7133,3.0066,17.307,0.79427,14.445,14.364,6.7498,13.654
366,3.4971,26.062,26.808,35.122,21.04,22.063,19.786,17.96,5.2296,8.5422,11.499,7.3335,8.4309,10.226,11.656,6.73
367,3.6876,16.042,24.101,24.275,16.331,17.784,20.033,18.497,-0.53524,0.26526,24.337,-2.0806,17.808,20.927,7.5188,13.258
368,5.9452,10.533,15.175,13.965,5.4657,10.6,12.435,10.244,-0.80433,8.5017,13.899,7.9929,3.6851,6.0909,15.977,-0.91877
369,4.0716,6.6196,8.8801,5.9942,2.5556,5.5516,6.4694,6.3693,-1.1916,1.6707,11.509,-0.077478,1.8976,3.4323,7.477,0.9193
370,12.977,-6.4211,0.53237,-8.6023,-8.3064,-12.594,-1.1746,2.2638,7.7047,7.1184,-2.82,7.4683,-8.7676,-6.2359,0.56731,-6.4272
371,19.206,-15.2,-9.012,-14.859,-18.312,-19.259,-6.9049,0.06456,13.011,9.9755,-13.816,9.7685,-14.206,-11.033,-0.16876,-14.057
372,17.342,-12.84,-11.4,-12.634,-13.79,-12.126,-3.912,-3.0365,13.278,17.547,-10.517,18.887,-8.0659,-6.2255,8.9203,-9.4935
373,13.831,-13.974,-14.423,-13.218,-10.634,-14.045,-2.2864,-8.6933,2.5185,9.8604,-8.4527,10.774,-6.684,-6.6087,7.934,-8.7322
374,7.7405,-2.6024,-4.243,-3.5856,-2.016,-3.714,1.8398,-5.9466,-6.0223,8.9017,2.6028,12.247,2.4146,2.0855,10.397,-0.7515
375,-8.0481,20.77,14.776,16.227,14.341,17.04,12.832,8.3643,-2.9803,-7.298,23.241,-3.9854,17.621,13.53,8.3848,15.305
376,-9.4352,7.4897,6.6292,-2.0897,-1.3693,6.145,8.803,4.0319,6.9047,-10.824,21.868,-9.7527,9.3255,7.2989,3.2464,8.3321
377,-0.98036,-14.097,-8.6681,-22.96,-24.534,-15.331,-3.5023,-5.1195,13.639,-2.8092,2.7391,-1.3826,-13.692,-17.342,3.6808,-11.252
378,5.2012,-15.062,-12.868,-19.403,-20.938,-17.55,-8.3182,-10.117,7.6285,4.1756,-6.3981,0.38963,-22.207,-22.556,-19.744,-19.2
379,1.9002,-0.21223,-9.0003,0.19067,3.132,-2.3886,-8.0134,-7.7012,-2.3582,8.1955,-11.701,-0.0055876,-15.533,-14.435,-34.769,-14.902
380,6.8491,-7.7192,-6.785,-5.6447,-6.3002,-8.8794,-6.9225,0.23489,-1.3723,0.75473,-8.9529,-5.2021,-1.212,-2.0087,-25.616,-1.3528
381,4.1014,8.8865,2.2519,11.524,13.287,7.0666,-5.459,5.414,-5.4639,-2.2156,4.3754,-3.2334,7.8493,8.2155,-16.512,6.9802
382,1.2215,2.4942,0.38022,4.8036,6.5254,-1.9433,-5.398,8.4351,-2.0861,-7.477,6.2951,-5.8212,11.948,12.285,5.414,16.243
383,2.1664,-0.27845,-4.238,-4.2068,-3.5567,-9.3614,-9.8873,0.70493,3.1933,-2.1786,-9.3555,0.075246,-0.33042,-1.0421,20.967,4.5016
384,-1.4369,1.2696,-5.203,-3.8229,-2.6587,-3.0741,-7.1505,0.14207,1.4935,-6.1702,-6.4732,-5.6319,-1.1368,-1.3127,13.377,-4.1501
385,-8.9061,17.733,2.6806,15.09,14.455,12.587,0.78028,1.4368,-8.2804,-9.0169,10.352,-6.7448,14.201,13.874,5.9906,9.5158
386,-3.6112,-1.5452,-3.9711,-3.6405,-3.2736,-4.7064,-2.7774,-1.1206,-3.6433,-5.4482,-4.4442,-2.4499,0.18302,1.4539,7.2066,-5.6313
387,7.6241,-25.789,-18.125,-27.811,-27.016,-24.496,-13.404,-11.394,-5.726,0.52064,-19.991,1.3715,-18.766,-18.286,-2.0067,-24.098
388,-0.11569,7.0197,1.0149,7.1922,11.054,11.353,-5.7609,-9.6906,-12.327,8.8186,-4.9176,9.7956,-4.4346,-5.5179,-6.1349,-10.1
389,-1.8653,-5.8605,-2.6302,-7.4174,-5.793,0.19112,-2.4099,-7.326,-10.971,1.5427,-0.54397,-0.58948,-3.4145,-4.3325,-8.1947,-6.4293
390,-0.74572,-12.937,-4.1457,-9.2728,-9.1415,-6.8668,-6.0809,-11.652,-5.8461,7.399,-7.8444,4.1126,-10.874,-11.641,-11.636,-10.268
391,-7.2072,14.083,8.3996,22.327,25.293,18.293,1.9661,-6.7939,-3.9958,0.96892,-2.8611,-3.8233,-4.8912,-3.3968,-15.609,0.83152
392,-4.3611,6.2659,11.026,12.618,13.047,11.901,11.643,5.367,5.3602,-0.18352,14.081,-2.5237,14.721,16.118,7.5057,20.277
393,-3.2816,-6.9572,6.602,0.27489,3.0252,0.6048,9.9053,8.6709,6.0202,-3.7095,15.301,-7.0035,22.286,20.464,15.383,21.875
394,2.3834,-9.6838,-2.7825,-5.1098,-2.1125,-5.1043,-0.43691,2.0998,8.7509,7.3861,-9.7864,9.9421,-4.5662,-7.0875,19.41,-5.1951
395,-0.6967,13.769,12.046,11.024,8.6523,13.209,-0.37855,6.1633,-0.081677,6.241,20.752,6.9329,9.6206,5.5811,1.6744,8.5679
396,0.50105,2.6291,9.5541,1.458,0.57604,4.9728,4.2425,6.5896,-0.36082,-0.06828,27.492,-1.6258,9.7892,6.3564,5.1081,7.9072
397,9.4266,-15.621,-5.3263,-15.984,-18.083,-13.758,1.1356,4.357,1.8994,7.1383,3.0687,6.845,-11.439,-14.175,14.967,-9.6055
398,13.889,-10.677,-7.2846,-10.879,-15.622,-11.851,-0.35116,0.78459,-5.8115,8.8239,-3.3669,6.5627,-10.91,-14.507,4.2566,-15.876
399,8.1953,5.9893,1.8166,7.178,6.1601,5.004,7.0175,7.6003,-7.6608,7.3135,8.7434,3.3448,10.842,7.2938,-1.9176,-0.89509
400,15.65,-26.267,-18.289,-24.23,-25.315,-23.129,-3.6797,2.8483,-0.06888,3.2197,-12.869,-1.8756,-1.8681,-1.9083,-3.9239,-5.9333
401,19.258,-17.045,-16.427,-12.949,-13.636,-15.011,-10.83,-6.8979,-1.4956,13.005,-28.932,9.8436,-16.794,-14.79,-13.403,-21.023
402,8.4716,9.5326,-2.4056,13.499,10.983,8.8929,-2.7392,0.37805,-5.262,6.6773,-10.355,8.4145,2.8063,5.6713,-17.601,-4.0567
403,5.893,-1.8734,-1.0178,2.0694,4.5658,0.602,6.956,5.443,-3.579,-1.7073,11.923,3.4129,20.506,22.957,-7.6972,17.896
404,9.5739,-13.236,-9.1096,-14.632,-11.789,-9.8553,-1.9442,-2.463,-3.0253,1.2878,-0.28556,5.6861,0.35712,2.2366,3.2987,0.15519
405,5.893,-1.8734,-1.0178,2.0694,4.5658,0.602,6.956,5.443,-3.579,-1.7073,11.923,3.4129,20.506,22.957,-7.6972,17.896
406,9.5739,-13.236,-9.1096,-14.632,-11.789,-9.8553,-1.9442,-2.463,-3.0253,1.2878,-0.28556,5.6861,0.35712,2.2366,3.2987,0.15519
407,6.8265,2.9609,-2.4496,-1.7824,-1.3992,3.7784,-7.6566,-8.8503,-5.4119,4.0899,-7.6021,10.96,-10.133,-9.8048,4.0795,-12.388
408,0.011704,10.534,4.5404,9.5221,8.9542,12.212,-1.2416,-3.3893,-0.37204,-4.3588,5.074,0.46518,-2.8148,-2.2968,-0.42609,-1.4697
409,-5.7317,7.3361,9.7326,9.6781,7.5317,11.463,5.2369,4.4939,13.281,-7.4289,23.248,-2.1193,12.692,12.03,3.3331,12.668
410,-9.8849,14.731,7.3715,13.527,14.44,12.359,3.7496,7.7097,8.6128,-6.6795,3.6572,-0.50992,-4.504,-4.9261,3.253,-1.9086
411,-12.537,15.78,16.024,18.148,21.357,16.759,14.133,16.361,8.8898,-13.865,22.525,-10.935,20.107,18.421,5.4949,18.81
412,-11.817,5.2925,10.659,13.633,13.771,5.8727,11.103,11.004,18.965,-5.0176,0.94265,-1.7906,10.01,8.3146,10.646,13.611
413,-12.918,-3.2182,4.6005,2.853,3.8285,-3.7666,6.509,4.9568,12.08,-10.505,-2.5316,-11.868,9.5067,10.901,5.9885,14.116
414,-8.8729,-4.3064,0.26123,-4.8835,-2.9886,-7.1314,2.1134,0.62796,6.5583,-2.2444,-7.9971,-5.5445,-1.2335,0.95681,4.5804,2.1777
415,-6.2262,-7.8807,-7.9421,-8.7604,-5.8364,-12.081,-6.729,-11.398,-11.836,1.3915,-8.1168,1.7454,-5.9087,-2.9399,4.8332,4.4112
416,-8.7003,-8.7255,-10.348,-10.521,-11.007,-8.3879,-11.122,-13.578,-12.586,-4.7585,-3.0231,-4.5602,-6.2859,-4.1472,1.7354,1.6481
417,-4.362,2.1067,-4.423,-2.7012,-7.2394,1.4802,-6.7579,-7.3231,-3.2596,0.50146,-6.8338,1.6364,-15.219,-15.207,11.121,-12.18
418,1.6464,-2.3867,-2.3982,-10.135,-8.7539,-2.1654,-1.5481,0.87449,-5.417,-1.6666,3.2158,-3.0321,-6.9218,-8.5067,10.513,-7.8885
419,0.072041,-12.437,-9.7717,-19.341,-19.29,-10.707,-8.8311,-1.6613,-10.124,4.7212,-1.7139,5.5739,-9.2216,-13.099,-1.2256,-10.938
420,-11.623,6.8489,1.6334,5.1324,6.678,2.2608,-2.8724,-3.3441,-18.419,-5.9009,3.9256,-2.0593,1.8738,0.76169,-12.63,2.1754
421,-9.5121,0.40251,1.3234,-3.8299,-3.6793,-5.7273,-2.9748,-3.9609,-12.309,-6.1465,-1.0651,-1.8938,-2.5295,-1.0461,-4.8952,-0.92231
422,0.22729,-10.626,-0.4915,-10.924,-10.61,-12.032,-5.5064,-3.8113,-4.0984,-4.4708,-7.0618,-0.96197,-3.5862,-0.1105,-1.2167,1.1469
423,7.5105,-14.052,-4.5214,-10.72,-11.519,-15.213,-8.4684,-9.7545,-2.9916,0.83886,-19.034,1.0882,-15.627,-13.319,-5.1988,-10.858
424,8.9724,-8.6444,-7.8825,-6.083,-6.9007,-11.768,-7.6021,-9.995,-3.5257,2.2244,-20.525,-0.45832,-17.185,-14.791,-7.8208,-15.339
425,-3.1106,13.371,6.3242,13.593,15.274,12.582,-0.54949,-1.1722,2.0649,-5.1341,10.45,-10.531,9.3798,10.228,6.1845,6.7078
426,-11.269,20.243,15.711,24.389,24.588,21.534,12.698,9.3616,1.5375,-11.187,31.102,-16.933,30.09,31.146,5.7888,29.893
427,-8.0572,7.3468,8.8672,13.704,12.24,9.0865,13.665,9.0783,6.2389,-10.288,17.419,-17.718,12.768,15.446,-3.7639,15.142
428,-1.9663,4.0408,5.9635,5.3723,4.2684,5.618,9.9354,8.3033,13.845,0.25242,8.8932,-7.2632,5.6456,7.6043,-2.3083,5.348
429,5.7341,-12.343,-4.8479,-14.169,-15.923,-11.899,1.6972,7.319,15.068,3.4979,0.55758,-5.0424,-1.8597,-0.49986,3.7153,2.7134
430,3.9548,-5.3353,-7.6624,-4.0492,-5.083,-6.7844,-7.1271,-5.6528,-5.0043,6.3381,-5.6639,1.913,-6.487,-5.9085,-12.766,-8.8483
431,2.4006,4.8512,0.3713,3.9067,6.1653,1.6431,-6.7714,-6.7264,-6.9941,9.8835,-0.3666,6.1969,-3.5941,-2.919,-12.383,0.98982
432,-5.4184,8.1664,5.2256,9.9422,11.702,7.2951,-0.81043,-2.7876,-8.1939,0.67509,6.7206,-4.8207,3.9962,7.2208,-4.4049,7.135
433,2.6374,-17.391,-9.5157,-17.068,-16.826,-18.91,-7.1435,-5.6581,-2.072,4.45,-13.259,1.295,-14.157,-10.151,3.6808,-10.679
434,0.14815,0.7648,-5.8663,-3.3581,1.417,-5.6686,-9.6014,-7.587,-8.5089,0.91413,-17.704,-0.76253,-15.305,-16.296,-15.032,-16.049
435,-6.7195,1.5363,8.4936,-0.75476,-4.7522,5.1837,11.026,7.2311,1.003,-12.881,17.484,-9.7521,13.307,11.238,-0.55819,13.805
436,-1.9412,-10.524,-4.0445,-15.294,-14.87,-11.1,-1.4589,-1.8623,4.5163,-4.0796,-6.5789,3.7781,-13.244,-13.721,4.4188,-16.227
437,-2.1775,-1.1773,-4.8087,-7.613,-7.3942,-1.5601,-3.728,-2.6899,1.4285,-5.6145,-4.2646,1.2613,-8.3637,-8.539,-4.2153,-9.6943
438,-3.9064,18.387,7.0667,12.275,11.895,18.789,7.3348,5.5433,7.7977,-0.26748,14.294,6.5543,10.015,8.3597,-0.37671,5.6004
439,4.7939,-3.5836,-0.49742,-7.3016,-6.1311,-1.7985,8.436,5.7214,8.4223,-1.9379,9.3148,1.2682,9.1837,9.1116,11.088,4.3547
440,12.962,-12.774,-11.92,-13.558,-13.334,-13.922,-1.518,-1.651,4.913,9.8501,-16.566,10.662,-11.158,-11.594,16.205,-15.024
441,1.3758,11.259,-0.96867,11.64,7.6277,8.038,1.1417,-2.813,-5.7036,5.7606,-3.5491,6.7809,2.3279,0.84801,2.3796,-3.5748
442,0.21349,-3.1308,0.16714,-2.0812,-3.4144,-1.473,5.1974,3.6657,-5.1847,-2.156,2.8818,3.5822,10.555,10.412,8.5534,11.198
443,2.4951,-3.2871,-0.63497,1.8102,3.94,-0.73308,1.1317,3.6952,-2.7474,0.10603,-13.101,6.4058,-2.327,-1.6789,7.5019,-2.5652
444,0.38786,2.0748,-0.96426,4.4347,2.8542,0.43245,-0.89053,1.4867,-7.6866,-0.94969,-13.331,2.5608,-2.5765,-1.5974,0.9302,-0.098204
445,-5.0585,1.3474,1.77,2.2246,2.9216,4.6955,4.5507,4.9356,-5.6469,-4.4276,0.99065,-4.8032,4.2247,6.0115,7.6701,11.75
446,-7.1536,8.3298,2.5511,6.4669,6.9564,8.1047,1.9022,1.8803,-4.0727,-3.8718,7.0927,-6.0399,10.315,10.237,6.8918,11.276
447,-8.6381,2.8135,0.30404,2.6973,2.527,1.0127,2.3655,2.8901,-4.6291,-6.5716,9.8567,-12.397,11.406,6.6718,6.8047,6.2716
448,-0.61239,-10.374,-5.8658,-11.417,-11.374,-11.962,-3.1461,-1.3516,-0.40674,0.87016,-5.3976,-6.1406,-5.3727,-10.32,3.8127,-6.6078
449,-3.5428,12.057,6.6711,9.6535,10.326,13.35,2.8297,1.8382,-1.9634,0.89455,6.0958,-5.2197,5.7625,4.4154,-13.417,0.57386
450,1.9268,-16.555,-7.1494,-19.807,-18.527,-15.582,-3.2237,0.058624,16.951,-0.44158,-4.2828,-5.6768,0.18195,-2.8248,-13.856,-0.54835
451,1.7442,6.3801,3.1265,4.116,5.8762,5.0633,-4.2813,-0.18523,18.917,8.2839,-3.0545,3.2321,-2.4704,-3.4708,-3.4816,-3.603
452,-2.673,14.312,14.068,18.219,20.936,15.594,5.3364,5.9223,15.045,1.8552,12.748,-4.5013,12.109,13.015,2.8006,12.001
453,4.801,-11.886,2.2504,-6.8262,-4.2823,-6.7175,3.3557,3.4879,23.229,5.1697,2.2436,5.4607,2.4266,4.2233,12.95,3.0728
454,15.103,-37.532,-18.534,-30.247,-30.31,-32.636,-15.592,-11.681,17.691,5.0837,-27.925,9.6163,-28.879,-25.348,8.3142,-24.303
455,-3.6851,23.147,16.052,28.554,29.236,29.04,6.0566,0.61311,-8.3309,-2.9732,14.755,0.89803,9.4008,12.164,-13.527,6.9641
456,3.395,-4.4797,6.2176,-0.8498,0.75764,-0.94162,7.5675,6.5048,1.1338,-2.0964,12.031,0.26468,6.7809,10.071,8.8754,14.188
457,15.369,-31.835,-19.89,-25.28,-26.67,-26.853,-9.274,-6.0273,-4.4832,8.6443,-22.57,6.733,-27.004,-27.197,-0.11186,-25.613
458,2.01,10.926,1.1115,16.06,15.381,14.135,-1.7995,-4.431,-20.36,11.974,0.23029,10.605,-3.8317,-8.1341,-14.976,-12.243
459,-12.116,35.01,25.667,35.109,30.681,36.071,18.263,9.5263,-15.317,-5.4408,36.71,-7.3116,33.486,29.448,-8.1359,27.802
460,3.395,-4.4797,6.2176,-0.8498,0.75764,-0.94162,7.5675,6.5048,1.1338,-2.0964,12.031,0.26468,6.7809,10.071,8.8754,14.188
461,15.369,-31.835,-19.89,-25.28,-26.67,-26.853,-9.274,-6.0273,-4.4832,8.6443,-22.57,6.733,-27.004,-27.197,-0.11186,-25.613
462,2.01,10.926,1.1115,16.06,15.381,14.135,-1.7995,-4.431,-20.36,11.974,0.23029,10.605,-3.8317,-8.1341,-14.976,-12.243
463,-12.116,35.01,25.667,35.109,30.681,36.071,18.263,9.5263,-15.317,-5.4408,36.71,-7.3116,33.486,29.448,-8.1359,27.802
464,-3.4719,13.977,14.578,10.031,8.4746,11.687,15.433,9.9625,2.6008,-2.8978,12.03,-1.2469,14.264,13.314,10.18,12.993
465,3.395,-4.4797,6.2176,-0.8498,0.75764,-0.94162,7.5675,6.5048,1.1338,-2.0964,12.031,0.26468,6.7809,10.071,8.8754,14.188
466,15.369,-31.835,-19.89,-25.28,-26.67,-26.853,-9.274,-6.0273,-4.4832,8.6443,-22.57,6.733,-27.004,-27.197,-0.11186,-25.613
467,2.01,10.926,1.1115,16.06,15.381,14.135,-1.7995,-4.431,-20.36,11.974,0.23029,10.605,-3.8317,-8.1341,-14.976,-12.243
468,-12.116,35.01,25.667,35.109,30.681,36.071,18.263,9.5263,-15.317,-5.4408,36.71,-7.3116,33.486,29.448,-8.1359,27.802
469,-3.4719,13.977,14.578,10.031,8.4746,11.687,15.433,9.9625,2.6008,-2.8978,12.03,-1.2469,14.264,13.314,10.18,12.993
470,-1.0805,6.8177,-1.7959,-0.31664,-2.4938,0.0042355,2.1047,1.4749,2.2881,-4.4228,-6.4599,-2.8201,4.2695,5.9365,-1.1767,5.2338
471,5.7498,-11.144,-10.872,-20.874,-18.23,-17.607,-2.4904,1.5757,-2.3752,-4.758,-9.703,-0.69549,-3.8063,-3.9366,-4.7568,-3.4337
472,1.6051,-1.3555,-9.9862,-6.8188,-4.6239,-9.6595,-9.7347,-3.2156,-7.8504,-0.086108,-14.561,5.6882,-18.235,-20.953,-9.928,-20.976
473,-3.7683,0.46452,-1.9021,-1.2792,-0.58568,-1.3606,-0.26258,7.0504,-14.41,-9.0141,9.5793,-2.4086,6.5928,4.6752,-4.5112,7.5723
474,-8.1642,12.047,3.1413,11.843,11.537,10.273,3.2839,7.8488,-6.9768,-3.8546,11.258,-0.26349,7.8195,7.5402,-2.9493,7.8147
475,-10.758,-1.3053,0.73304,-2.5926,-2.8833,-2.3671,-2.5616,2.7147,11.514,-6.0478,-1.1921,-5.4015,-3.1421,-3.7135,5.538,-4.694
476,-8.8638,-0.87087,0.8202,-2.9202,-2.3773,-2.5398,-4.8082,-2.1538,9.9365,-2.4736,-3.4765,-0.87354,-2.8898,-3.978,9.6014,0.1364
477,-3.147,-15.846,-9.1196,-17.139,-13.61,-15.507,-4.4427,-4.332,1.0366,-7.3818,1.2932,-7.1922,-0.2523,-0.45026,12.537,11.75
478,3.9907,-15.814,-13.441,-17.407,-16.098,-14.252,-10.626,-12.086,-0.99819,7.9593,-19.625,6.5391,-19.762,-17.186,4.0076,-13.83
479,-0.41493,-0.20167,-6.2107,2.1174,3.1221,3.7287,-6.1788,-6.318,-11.989,6.2335,-16.344,1.6989,-12.728,-7.1843,-12.018,-11.258
480,4.2107,-20.654,-9.644,-14.145,-11.074,-9.2966,-8.0015,-12.255,-6.033,5.8926,-14.121,5.0306,-8.498,-0.08382,-10.412,-6.2444
481,-4.6284,14.558,10.837,24.28,25.582,23.472,0.98468,-9.4118,-1.0808,11.745,-5.2686,13.845,-5.9295,-1.3126,-16.591,-9.1457
482,-9.6495,19.915,19.758,24.352,29.755,30.335,14.874,7.1945,-2.6717,-4.0971,23.783,-4.7098,19.032,22.702,-15.587,23.288
483,-9.1521,18.694,22.462,20.092,24.338,31.035,21.785,12.288,4.447,-4.3017,26.15,-3.9816,21.67,22.963,4.4341,27.632
484,-1.705,-2.1137,9.2047,1.824,3.5729,8.6202,14.38,7.0312,10.274,-4.497,5.5326,-4.8197,2.168,-0.18081,8.6818,4.9869
485,8.7372,-18.853,-10.235,-19.747,-16.528,-15.067,-7.7642,-10.724,1.5299,6.3387,-14.111,9.5708,-22.851,-29.308,1.9303,-21.653
486,8.053,-1.1944,-6.9435,-0.96772,-3.2452,-4.1429,-6.5783,-10.509,-3.1833,11.489,-12.11,15.209,-22.483,-25.672,5.8345,-19.825
487,2.1281,6.5593,-0.2621,6.8069,5.289,3.1751,-2.4737,-4.6536,-8.1368,-1.7734,10.875,-1.3727,1.9673,0.85195,14.939,6.4445
488,2.9753,-4.2962,-0.37968,-4.9887,-5.9006,-5.4838,-0.43876,-2.1621,-6.2744,-4.8584,8.8422,-3.689,6.8671,6.0483,18.898,5.826
489,7.8586,-10.055,-6.7415,-10.072,-13.062,-13.276,-6.7018,-7.0649,-7.4716,0.38841,-15.194,-1.4136,-9.4846,-9.7768,1.9687,-18.775
490,19.151,-18.622,-23.678,-21.867,-25.82,-23.51,-22.476,-17.77,-12.982,9.7202,-33.534,9.9556,-17.771,-20.823,-14.89,-29.775
491,11.498,0.41506,-14.94,-4.2999,-7.0785,-6.3222,-17.195,-12.741,-12.706,6.9085,-18.043,5.7696,-6.7303,-10.391,-25.307,-19.274
492,6.2708,5.2017,-6.7762,-2.1832,-5.7714,-0.83314,-7.6234,-5.2184,-7.6264,0.012155,-0.4577,-2.376,6.9111,3.3843,-23.63,1.1367
493,-3.7897,25.992,7.7688,17.811,11.677,19.054,2.1098,3.2844,-1.1545,-5.2044,7.7699,-6.5458,10.464,7.0805,-14.183,6.4019
494,-9.6812,27.928,16.045,20.954,18.717,23.705,9.1928,9.4327,6.6864,-11.703,27.138,-10.278,23.801,22.175,-8.9967,24.126
495,-0.67992,-1.4812,4.7472,0.25347,0.29815,-4.5869,3.255,0.76175,12.782,-2.6122,-2.4133,-3.0401,-5.2004,-4.2385,-2.2119,2.65
496,-6.8786,13.685,7.6912,16.592,13.119,13.848,4.6924,-1.1058,5.0397,-0.8492,-0.58376,-3.0023,-4.3246,-1.1954,-6.2878,1.3497
497,-13.781,28.158,16.282,29.312,22.926,30.814,12.89,4.9613,6.8415,-1.9278,15.177,-2.4019,12.2,16.237,1.924,15.128
498,-11.038,0.19023,10.045,1.1247,-2.4867,7.5965,17.007,12.023,12.938,-13.638,26.852,-13.99,20.295,24.507,4.9658,23.507
499,-5.6581,-0.66042,8.7896,-2.7391,-2.3079,3.9292,10.707,9.4787,18.976,-0.7918,8.4434,-1.0399,4.0007,4.926,9.9599,1.8311
